{
  "accuracy": 0.9831,
  "precision": 0.9833185890244819,
  "recall": 0.9831,
  "f1": 0.9830643537854885,
  "class_metrics": {
    "0": {
      "precision": 0.9740777666999003,
      "recall": 0.996938775510204,
      "f1-score": 0.9853756933938477,
      "support": 980.0
    },
    "1": {
      "precision": 0.9835212489158717,
      "recall": 0.9991189427312775,
      "f1-score": 0.9912587412587412,
      "support": 1135.0
    },
    "2": {
      "precision": 0.9872298624754421,
      "recall": 0.9738372093023255,
      "f1-score": 0.9804878048780488,
      "support": 1032.0
    },
    "3": {
      "precision": 0.9618320610687023,
      "recall": 0.998019801980198,
      "f1-score": 0.9795918367346939,
      "support": 1010.0
    },
    "4": {
      "precision": 0.9948400412796697,
      "recall": 0.9816700610997964,
      "f1-score": 0.9882111737570477,
      "support": 982.0
    },
    "5": {
      "precision": 0.9909399773499433,
      "recall": 0.9809417040358744,
      "f1-score": 0.9859154929577465,
      "support": 892.0
    },
    "6": {
      "precision": 0.9978700745473909,
      "recall": 0.9780793319415448,
      "f1-score": 0.9878755930416447,
      "support": 958.0
    },
    "7": {
      "precision": 0.9789069990412272,
      "recall": 0.9931906614785992,
      "f1-score": 0.9859971028488653,
      "support": 1028.0
    },
    "8": {
      "precision": 0.9924324324324324,
      "recall": 0.9425051334702259,
      "f1-score": 0.966824644549763,
      "support": 974.0
    },
    "9": {
      "precision": 0.9735034347399412,
      "recall": 0.9831516352824579,
      "f1-score": 0.9783037475345168,
      "support": 1009.0
    }
  },
  "confusion_matrix": [
    [
      977,
      0,
      0,
      0,
      0,
      0,
      0,
      2,
      1,
      0
    ],
    [
      0,
      1134,
      0,
      0,
      0,
      0,
      0,
      1,
      0,
      0
    ],
    [
      5,
      11,
      1005,
      6,
      1,
      0,
      0,
      4,
      0,
      0
    ],
    [
      0,
      0,
      0,
      1008,
      0,
      0,
      0,
      1,
      1,
      0
    ],
    [
      0,
      1,
      0,
      0,
      964,
      0,
      0,
      2,
      2,
      13
    ],
    [
      2,
      0,
      0,
      11,
      0,
      875,
      1,
      1,
      1,
      1
    ],
    [
      10,
      4,
      0,
      0,
      2,
      5,
      937,
      0,
      0,
      0
    ],
    [
      0,
      0,
      5,
      0,
      0,
      0,
      0,
      1021,
      1,
      1
    ],
    [
      7,
      1,
      8,
      18,
      1,
      2,
      1,
      6,
      918,
      12
    ],
    [
      2,
      2,
      0,
      5,
      1,
      1,
      0,
      5,
      1,
      992
    ]
  ],
  "confusion_matrix_normalized": [
    [
      0.996938775510204,
      0.0,
      0.0,
      0.0,
      0.0,
      0.0,
      0.0,
      0.0020408163265306124,
      0.0010204081632653062,
      0.0
    ],
    [
      0.0,
      0.9991189427312775,
      0.0,
      0.0,
      0.0,
      0.0,
      0.0,
      0.000881057268722467,
      0.0,
      0.0
    ],
    [
      0.0048449612403100775,
      0.01065891472868217,
      0.9738372093023255,
      0.005813953488372093,
      0.0009689922480620155,
      0.0,
      0.0,
      0.003875968992248062,
      0.0,
      0.0
    ],
    [
      0.0,
      0.0,
      0.0,
      0.998019801980198,
      0.0,
      0.0,
      0.0,
      0.0009900990099009901,
      0.0009900990099009901,
      0.0
    ],
    [
      0.0,
      0.0010183299389002036,
      0.0,
      0.0,
      0.9816700610997964,
      0.0,
      0.0,
      0.002036659877800407,
      0.002036659877800407,
      0.013238289205702648
    ],
    [
      0.002242152466367713,
      0.0,
      0.0,
      0.01233183856502242,
      0.0,
      0.9809417040358744,
      0.0011210762331838565,
      0.0011210762331838565,
      0.0011210762331838565,
      0.0011210762331838565
    ],
    [
      0.010438413361169102,
      0.0041753653444676405,
      0.0,
      0.0,
      0.0020876826722338203,
      0.005219206680584551,
      0.9780793319415448,
      0.0,
      0.0,
      0.0
    ],
    [
      0.0,
      0.0,
      0.0048638132295719845,
      0.0,
      0.0,
      0.0,
      0.0,
      0.9931906614785992,
      0.0009727626459143969,
      0.0009727626459143969
    ],
    [
      0.007186858316221766,
      0.001026694045174538,
      0.008213552361396304,
      0.018480492813141684,
      0.001026694045174538,
      0.002053388090349076,
      0.001026694045174538,
      0.006160164271047228,
      0.9425051334702259,
      0.012320328542094456
    ],
    [
      0.0019821605550049554,
      0.0019821605550049554,
      0.0,
      0.004955401387512388,
      0.0009910802775024777,
      0.0009910802775024777,
      0.0,
      0.004955401387512388,
      0.0009910802775024777,
      0.9831516352824579
    ]
  ],
  "roc_auc": {
    "0": 0.999934273044029,
    "1": 0.9999719731359527,
    "2": 0.9998318742263621,
    "3": 0.99992356744017,
    "4": 0.9999367637208045,
    "5": 0.9998862676285175,
    "6": 0.9998426503272365,
    "7": 0.9999078412562385,
    "8": 0.9995559258195921,
    "9": 0.9997958535564526
  },
  "pr_auc": {
    "0": 0.9994131125819372,
    "1": 0.9997749115853465,
    "2": 0.9987219826294516,
    "3": 0.9994216521793403,
    "4": 0.9994256402424209,
    "5": 0.998925172337234,
    "6": 0.9989870885283043,
    "7": 0.9991595947061525,
    "8": 0.9969657146757831,
    "9": 0.9982394006882295
  }
}